<?xml version="1.0" encoding="UTF-8"?>

<!-- Place this file in the target project and call it with "External Tools > Run As > Ant Build" -->
<!-- You have to change the MODEL and the TARGET values -->

<project basedir="." default="pipeline2htmlSample" name="it.polimi.ase.project.pipeline2htmlSample">
	<import file="../../it.polimi.ase.project.pipeline2html/tasks/pipeline2html.xml"/>

    <!-- Change the values of MODEL and TARGET to point to your model and output folder -->
	<property name="MODEL" value="${basedir}/model/file.xmi"/>
	<property name="TARGET" value="${basedir}/src-gen"/>

	<target name="pipeline2htmlSample" description="Generate files in 'TARGET'">
		<antcall target="pipeline2html" >
			<param name="model" value="${MODEL}"/>
			<param name="target" value="${TARGET}"/>
		</antcall>
	</target>
</project>
